rows,fhc,phc,lwe_correct,rlwe_correct,packing,aggregation,end2end
256,0.59404,0.51071,0.0633296,0.02,2.21,0.107543,2.91158,
1024,1.95347,1.72213,0.211339,0.02,6.37,0.131756,8.45522,
4096,7.69698,6.82998,0.847002,0.02,6.531,0.1568,14.3848,
