rows,fhc,phc,lwe_correct,rlwe_correct,packing,aggregation,end2end
256,0.372968,0.227866,0.143102,0.002,0.755,0.00251594,1.13048,
1024,1.10201,0.676768,0.423238,0.002,2.108,0.00306431,3.21307,
4096,4.34232,2.64666,1.69367,0.002,2.194,0.00357122,6.53989,
