rows,filter,packing,aggregation,end2end
256,8.11008,0.757,0.00270964,8.86979,
1024,27.27,2.13,0.00325122,29.4032,
4096,111.546,2.228,0.00394148,113.777,
