rows,fhc,phc,lwe_correct,rlwe_correct,packing,aggregation,end2end
256,0.637197,0.349203,0.287993,0,0.758,0.00271653,1.39791,
1024,1.96998,1.12257,0.846403,0.001,2.153,0.00330196,4.12628,
4096,7.71967,4.32839,3.38828,0.003,2.197,0.0038251,9.92049,
