rows,fhc,phc,lwe_correct,rlwe_correct,packing,aggregation,end2end
256,0.3858,0.258842,0.126958,0,0.4,0.00163783,0.787438,
1024,2.06611,1.51616,0.549954,0,4.248,0.0057225,6.31983,
4096,18.4421,16.196,2.24601,0,17.501,0.0665135,36.0096,
