rows,filter,packing,aggregation,end2end
256,2.98429,0.395,0.00162914,3.38092,
1024,10.7928,4.234,0.00772587,15.0345,
4096,53.435,17.407,0.0812517,70.9232,
