rows,fhc,phc,lwe_correct,rlwe_correct,packing,aggregation,end2end
256,0.512573,0.259107,0.253466,0,0.402,0.00166532,0.916239,
1024,2.63553,1.53614,1.09939,0,4.284,0.00777568,6.9273,
4096,20.674,16.1877,4.48624,0,17.637,0.0800605,38.391,
