rows,fhc,phc,lwe_correct,rlwe_correct,packing,aggregation,end2end
256,0.00294176,0.0019152,2.656e-05,0.001,0.398,0.00159245,0.402534,
1024,0.0060975,0.00503827,5.9232e-05,0.001,1.065,0.00181689,1.07291,
4096,0.0217773,0.0206901,8.72e-05,0.001,1.11,0.00208399,1.13386,
