rows,filter,packing,aggregation,end2end
256,7.14853,0.395,0.00164455,7.54517,
1024,23.8716,1.067,0.00192464,24.9405,
4096,98.6983,1.102,0.00219681,99.8025,
