rows,fhc,phc,lwe_correct,rlwe_correct,packing,aggregation,end2end
256,0.14946,0.149178,0.00028176,0,0.396,0.00159511,0.547055,
1024,0.448871,0.448518,0.000353376,0,1.064,0.00189329,1.51476,
4096,1.73543,1.73493,0.000502528,0,1.097,0.0021905,2.83462,
