rows,fhc,phc,lwe_correct,rlwe_correct,packing,aggregation,end2end
256,3.05228,2.22641,0.779875,0.046,0.396,0.00151605,3.4498,
1024,10.6735,7.31027,3.31721,0.046,1.062,0.00179496,11.7373,
4096,42.7445,29.2105,13.487,0.047,1.088,0.00203501,43.8346,
