rows,fhc,phc,lwe_correct,rlwe_correct,packing,aggregation,end2end
256,2.86471,1.96812,0.896598,0,0.397,0.00159346,3.26331,
1024,12.8493,7.29953,5.54978,0,1.059,0.00186971,13.9102,
4096,55.9282,30.0436,25.8845,0,1.093,0.00212496,57.0233,
