rows,filter,packing,aggregation,end2end
256,97.1698,0.398,0.00171284,97.5695,
1024,347.97,1.072,0.00191399,349.044,
4096,1402.92,1.092,0.0023045,1404.02,
