rows,fhc,phc,lwe_correct,rlwe_correct,packing,aggregation,end2end
256,1.09708,0.965107,0.128971,0.003,2.21,0.126093,3.43317,
1024,3.64974,3.21956,0.424182,0.006,6.383,0.154506,10.1872,
4096,14.468,12.7535,1.69552,0.019,6.566,0.18331,21.2173,
