rows,filter,packing,aggregation,end2end
256,7.53078,2.212,0.12681,9.86959,
1024,25.1524,6.351,0.155345,31.6588,
4096,101.686,6.595,0.186052,108.467,
