rows,fhc,phc,lwe_correct,rlwe_correct,packing,aggregation,end2end
256,0.783395,0.633945,0.147449,0.002,1.112,0.00587486,1.90127,
1024,2.39144,1.96734,0.422107,0.002,3.16,0.00668023,5.55812,
4096,9.42841,7.73093,1.69548,0.002,3.275,0.00749747,12.7109,
