rows,fhc,phc,lwe_correct,rlwe_correct,packing,aggregation,end2end
256,1.20963,0.935524,0.273104,0.001,1.119,0.00644756,2.33508,
1024,3.8453,2.99884,0.845453,0.001,3.199,0.00730431,7.0516,
4096,15.3633,11.9669,3.39138,0.005,3.286,0.00854321,18.6578,
