rows,filter,packing,aggregation,end2end
256,5.97798,1.122,0.00640542,7.10638,
1024,19.9786,3.188,0.00722703,23.1738,
4096,81.4689,3.306,0.00885983,84.7838,
