rows,fhc,phc,lwe_correct,rlwe_correct,packing,aggregation,end2end
256,1.29016,0.953313,0.335845,0.001,0.397,0.00279524,1.68995,
1024,4.08474,3.02584,1.05791,0.001,1.059,0.00304618,5.14679,
4096,16.2714,12.0399,4.23055,0.001,1.092,0.00330322,17.3667,
