rows,fhc,phc,lwe_correct,rlwe_correct,packing,aggregation,end2end
256,1.93935,1.27246,0.666885,0,0.394,0.00300033,2.33635,
1024,6.22259,4.10866,2.11392,0,1.068,0.00320788,7.29379,
4096,24.7205,16.254,8.46649,0,1.097,0.00349094,25.821,
