rows,filter,packing,aggregation,end2end
256,5.02578,0.395,0.00297766,5.42376,
1024,16.7952,1.072,0.00329193,17.8705,
4096,68.2828,1.111,0.00356258,69.3974,
